user_id;date
1;01.03.2021
1;06.03.2021
1;07.03.2021
1;12.03.2021
1;14.03.2021
2;28.03.2021
2;01.04.2021
2;04.04.2021
2;05.04.2021
3;24.03.2021
3;25.03.2021
3;26.03.2021
3;28.03.2021
4;10.03.2021
5;01.03.2021
5;02.03.2021
5;03.03.2021
5;07.03.2021
5;08.03.2021
5;10.03.2021
5;14.03.2021
5;15.03.2021
5;19.03.2021
5;23.03.2021
5;26.03.2021
5;30.03.2021
5;02.04.2021
5;04.04.2021
5;07.04.2021
5;08.04.2021
5;12.04.2021
5;16.04.2021
5;19.04.2021
5;20.04.2021
5;24.04.2021
5;25.04.2021
5;27.04.2021
5;29.04.2021
5;02.05.2021
5;04.05.2021
5;06.05.2021
6;19.03.2021
6;22.03.2021
7;02.03.2021
7;03.03.2021
7;04.03.2021
7;07.03.2021
7;10.03.2021
7;14.03.2021
8;06.03.2021
8;10.03.2021
8;14.03.2021
9;29.03.2021
9;01.04.2021
9;06.04.2021
9;09.04.2021
9;10.04.2021
9;12.04.2021
9;14.04.2021
9;18.04.2021
9;21.04.2021
9;25.04.2021
9;27.04.2021
9;02.05.2021
10;02.03.2021
10;06.03.2021
10;07.03.2021
10;11.03.2021
10;14.03.2021
11;29.03.2021
11;03.04.2021
11;04.04.2021
12;22.03.2021
12;26.03.2021
12;30.03.2021
12;03.04.2021
12;06.04.2021
13;02.03.2021
13;06.03.2021
13;07.03.2021
13;09.03.2021
13;13.03.2021
13;16.03.2021
13;19.03.2021
13;24.03.2021
14;06.03.2021
14;08.03.2021
14;13.03.2021
14;18.03.2021
14;23.03.2021
14;26.03.2021
14;31.03.2021
14;03.04.2021
14;08.04.2021
14;12.04.2021
14;16.04.2021
14;18.04.2021
14;20.04.2021
15;30.03.2021
15;01.04.2021
15;06.04.2021
15;11.04.2021
15;16.04.2021
15;20.04.2021
16;29.03.2021
17;27.03.2021
18;14.03.2021
19;26.03.2021
19;30.03.2021
19;04.04.2021
19;05.04.2021
19;10.04.2021
19;15.04.2021
19;20.04.2021
20;29.03.2021
20;01.04.2021
20;02.04.2021
20;04.04.2021
20;08.04.2021
20;10.04.2021
20;13.04.2021
21;02.03.2021
21;03.03.2021
21;04.03.2021
21;06.03.2021
22;22.03.2021
22;25.03.2021
22;28.03.2021
22;29.03.2021
22;03.04.2021
23;29.03.2021
23;03.04.2021
24;19.03.2021
24;22.03.2021
24;23.03.2021
25;31.03.2021
25;03.04.2021
25;08.04.2021
25;11.04.2021
26;25.03.2021
26;26.03.2021
27;12.03.2021
27;15.03.2021
28;16.03.2021
28;20.03.2021
29;05.03.2021
29;07.03.2021
30;04.03.2021
31;27.03.2021
31;28.03.2021
32;26.03.2021
32;31.03.2021
32;05.04.2021
32;07.04.2021
32;12.04.2021
32;15.04.2021
33;23.03.2021
33;24.03.2021
33;29.03.2021
33;31.03.2021
33;04.04.2021
34;23.03.2021
34;25.03.2021
34;27.03.2021
35;24.03.2021
35;27.03.2021
36;09.03.2021
36;14.03.2021
36;18.03.2021
36;21.03.2021
36;22.03.2021
36;26.03.2021
36;30.03.2021
36;03.04.2021
37;14.03.2021
37;15.03.2021
37;18.03.2021
37;21.03.2021
38;18.03.2021
38;22.03.2021
38;25.03.2021
38;26.03.2021
38;30.03.2021
38;02.04.2021
38;05.04.2021
38;10.04.2021
38;14.04.2021
39;20.03.2021
39;24.03.2021
39;27.03.2021
40;30.03.2021
40;31.03.2021
40;05.04.2021
40;06.04.2021
41;08.03.2021
41;09.03.2021
41;11.03.2021
41;16.03.2021
41;18.03.2021
41;21.03.2021
42;07.03.2021
42;09.03.2021
42;13.03.2021
42;16.03.2021
42;19.03.2021
43;27.03.2021
43;01.04.2021
43;03.04.2021
43;06.04.2021
43;11.04.2021
43;12.04.2021
44;10.03.2021
44;15.03.2021
44;19.03.2021
44;22.03.2021
44;25.03.2021
44;26.03.2021
45;24.03.2021
45;29.03.2021
45;01.04.2021
45;06.04.2021
45;07.04.2021
46;14.03.2021
46;18.03.2021
46;21.03.2021
46;22.03.2021
46;23.03.2021
46;25.03.2021
47;29.03.2021
48;07.03.2021
48;09.03.2021
48;14.03.2021
48;15.03.2021
48;16.03.2021
49;19.03.2021
49;23.03.2021
50;11.03.2021
50;16.03.2021
50;17.03.2021
50;22.03.2021
50;27.03.2021
50;01.04.2021
50;05.04.2021
50;08.04.2021
50;13.04.2021
50;14.04.2021
50;19.04.2021
50;22.04.2021
50;24.04.2021
50;29.04.2021
50;30.04.2021
51;12.03.2021
51;16.03.2021
52;05.03.2021
52;08.03.2021
52;10.03.2021
53;29.03.2021
53;30.03.2021
53;01.04.2021
53;06.04.2021
53;07.04.2021
54;14.03.2021
54;19.03.2021
54;20.03.2021
54;22.03.2021
54;23.03.2021
54;25.03.2021
54;29.03.2021
54;30.03.2021
54;04.04.2021
54;06.04.2021
54;07.04.2021
54;12.04.2021
54;16.04.2021
54;17.04.2021
54;18.04.2021
54;22.04.2021
54;25.04.2021
54;26.04.2021
54;28.04.2021
54;29.04.2021
54;02.05.2021
55;08.03.2021
55;09.03.2021
55;14.03.2021
56;08.03.2021
56;10.03.2021
56;12.03.2021
56;13.03.2021
56;18.03.2021
56;19.03.2021
56;20.03.2021
57;26.03.2021
57;30.03.2021
57;02.04.2021
58;19.03.2021
58;20.03.2021
58;23.03.2021
59;27.03.2021
59;30.03.2021
59;01.04.2021
59;04.04.2021
59;06.04.2021
59;08.04.2021
60;01.03.2021
60;05.03.2021
60;08.03.2021
60;13.03.2021
60;15.03.2021
60;16.03.2021
61;04.03.2021
61;07.03.2021
61;08.03.2021
61;12.03.2021
61;15.03.2021
61;18.03.2021
61;21.03.2021
62;11.03.2021
62;14.03.2021
62;15.03.2021
62;17.03.2021
62;20.03.2021
62;21.03.2021
62;24.03.2021
63;22.03.2021
63;23.03.2021
63;24.03.2021
64;13.03.2021
65;02.03.2021
65;06.03.2021
65;09.03.2021
65;13.03.2021
65;15.03.2021
65;16.03.2021
65;21.03.2021
66;13.03.2021
66;14.03.2021
66;15.03.2021
66;16.03.2021
66;19.03.2021
66;20.03.2021
67;05.03.2021
67;08.03.2021
68;13.03.2021
68;17.03.2021
69;02.03.2021
69;04.03.2021
69;05.03.2021
69;06.03.2021
70;19.03.2021
71;08.03.2021
71;09.03.2021
71;10.03.2021
72;02.03.2021
73;21.03.2021
74;07.03.2021
75;14.03.2021
75;19.03.2021
75;20.03.2021
75;25.03.2021
75;29.03.2021
76;14.03.2021
77;31.03.2021
77;01.04.2021
78;14.03.2021
78;18.03.2021
78;23.03.2021
78;24.03.2021
78;28.03.2021
78;01.04.2021
78;04.04.2021
78;06.04.2021
78;08.04.2021
78;12.04.2021
78;14.04.2021
78;18.04.2021
78;21.04.2021
78;23.04.2021
78;25.04.2021
78;28.04.2021
78;03.05.2021
79;27.03.2021
79;01.04.2021
79;05.04.2021
79;09.04.2021
79;10.04.2021
79;15.04.2021
79;16.04.2021
79;19.04.2021
79;23.04.2021
79;24.04.2021
79;25.04.2021
79;26.04.2021
79;27.04.2021
80;07.03.2021
80;09.03.2021
80;11.03.2021
80;16.03.2021
80;18.03.2021
80;19.03.2021
80;22.03.2021
80;24.03.2021
80;25.03.2021
80;26.03.2021
80;27.03.2021
81;21.03.2021
81;22.03.2021
81;25.03.2021
82;03.03.2021
82;05.03.2021
83;04.03.2021
83;05.03.2021
83;06.03.2021
83;07.03.2021
83;12.03.2021
83;15.03.2021
83;18.03.2021
84;02.03.2021
85;19.03.2021
85;20.03.2021
85;25.03.2021
85;30.03.2021
85;01.04.2021
85;06.04.2021
85;10.04.2021
85;11.04.2021
85;15.04.2021
85;20.04.2021
85;21.04.2021
85;26.04.2021
85;29.04.2021
85;03.05.2021
86;14.03.2021
86;18.03.2021
87;01.03.2021
88;24.03.2021
88;25.03.2021
89;11.03.2021
89;16.03.2021
90;01.03.2021
91;20.03.2021
91;23.03.2021
91;28.03.2021
92;30.03.2021
93;22.03.2021
93;23.03.2021
94;20.03.2021
94;23.03.2021
94;24.03.2021
94;28.03.2021
94;02.04.2021
94;07.04.2021
94;11.04.2021
95;17.03.2021
95;20.03.2021
96;23.03.2021
96;27.03.2021
96;31.03.2021
96;01.04.2021
96;05.04.2021
96;10.04.2021
96;13.04.2021
96;18.04.2021
97;21.03.2021
97;26.03.2021
97;31.03.2021
97;01.04.2021
97;05.04.2021
97;08.04.2021
97;11.04.2021
98;14.03.2021
98;17.03.2021
98;22.03.2021
98;25.03.2021
98;29.03.2021
98;03.04.2021
98;04.04.2021
98;08.04.2021
98;11.04.2021
98;12.04.2021
98;13.04.2021
98;15.04.2021
99;29.03.2021
99;30.03.2021
99;03.04.2021
100;11.03.2021
100;14.03.2021
100;15.03.2021
100;16.03.2021
100;20.03.2021
100;24.03.2021
101;23.03.2021
101;26.03.2021
101;30.03.2021
102;15.03.2021
102;16.03.2021
103;25.03.2021
104;13.03.2021
104;17.03.2021
105;30.03.2021
105;03.04.2021
105;05.04.2021
105;10.04.2021
105;12.04.2021
105;14.04.2021
105;16.04.2021
105;19.04.2021
105;20.04.2021
106;04.03.2021
107;06.03.2021
107;07.03.2021
108;27.03.2021
108;31.03.2021
108;05.04.2021
108;07.04.2021
109;02.03.2021
109;03.03.2021
110;31.03.2021
110;03.04.2021
110;05.04.2021
110;07.04.2021
110;08.04.2021
110;09.04.2021
110;11.04.2021
110;13.04.2021
110;14.04.2021
111;17.03.2021
112;12.03.2021
112;14.03.2021
112;19.03.2021
112;24.03.2021
112;25.03.2021
112;30.03.2021
112;01.04.2021
113;23.03.2021
113;24.03.2021
113;25.03.2021
113;30.03.2021
113;01.04.2021
114;07.03.2021
114;12.03.2021
114;13.03.2021
114;18.03.2021
114;22.03.2021
114;24.03.2021
114;26.03.2021
114;28.03.2021
114;31.03.2021
115;11.03.2021
115;12.03.2021
116;07.03.2021
116;09.03.2021
116;13.03.2021
116;17.03.2021
116;19.03.2021
116;24.03.2021
116;25.03.2021
117;21.03.2021
117;22.03.2021
117;25.03.2021
118;28.03.2021
118;30.03.2021
119;21.03.2021
120;25.03.2021
120;28.03.2021
120;31.03.2021
120;04.04.2021
120;05.04.2021
120;06.04.2021
120;10.04.2021
121;01.03.2021
122;25.03.2021
122;27.03.2021
122;01.04.2021
122;02.04.2021
123;14.03.2021
123;19.03.2021
123;22.03.2021
123;26.03.2021
123;27.03.2021
123;28.03.2021
123;31.03.2021
123;05.04.2021
123;10.04.2021
123;11.04.2021
123;14.04.2021
124;20.03.2021
125;08.03.2021
125;12.03.2021
125;17.03.2021
126;24.03.2021
126;28.03.2021
126;30.03.2021
126;02.04.2021
126;07.04.2021
126;09.04.2021
126;12.04.2021
127;31.03.2021
127;03.04.2021
127;05.04.2021
128;04.03.2021
128;06.03.2021
128;11.03.2021
128;12.03.2021
128;17.03.2021
128;21.03.2021
128;24.03.2021
128;28.03.2021
129;24.03.2021
129;28.03.2021
129;29.03.2021
130;05.03.2021
130;08.03.2021
130;10.03.2021
131;08.03.2021
131;09.03.2021
131;10.03.2021
131;13.03.2021
131;16.03.2021
132;08.03.2021
132;09.03.2021
132;14.03.2021
133;17.03.2021
134;12.03.2021
135;14.03.2021
136;09.03.2021
136;10.03.2021
136;15.03.2021
137;10.03.2021
137;15.03.2021
137;16.03.2021
137;21.03.2021
137;23.03.2021
138;25.03.2021
138;26.03.2021
138;30.03.2021
138;03.04.2021
139;15.03.2021
139;20.03.2021
140;05.03.2021
140;07.03.2021
140;09.03.2021
140;10.03.2021
140;11.03.2021
140;16.03.2021
140;17.03.2021
140;20.03.2021
140;22.03.2021
140;23.03.2021
140;26.03.2021
140;29.03.2021
141;25.03.2021
142;07.03.2021
142;11.03.2021
142;13.03.2021
142;18.03.2021
142;21.03.2021
142;24.03.2021
142;27.03.2021
142;28.03.2021
142;29.03.2021
142;31.03.2021
143;14.03.2021
143;18.03.2021
144;07.03.2021
144;09.03.2021
144;14.03.2021
144;17.03.2021
144;21.03.2021
145;09.03.2021
145;11.03.2021
145;14.03.2021
145;19.03.2021
145;21.03.2021
146;03.03.2021
146;08.03.2021
146;11.03.2021
147;03.03.2021
148;19.03.2021
148;23.03.2021
148;25.03.2021
149;22.03.2021
149;25.03.2021
149;29.03.2021
149;01.04.2021
149;02.04.2021
149;03.04.2021
149;04.04.2021
150;23.03.2021
150;26.03.2021
150;30.03.2021
150;04.04.2021
150;07.04.2021
150;10.04.2021
150;15.04.2021
151;27.03.2021
151;28.03.2021
151;30.03.2021
151;01.04.2021
152;23.03.2021
152;24.03.2021
152;28.03.2021
152;01.04.2021
152;05.04.2021
152;08.04.2021
153;01.03.2021
154;24.03.2021
154;28.03.2021
154;01.04.2021
154;06.04.2021
154;10.04.2021
154;13.04.2021
154;15.04.2021
155;31.03.2021
155;05.04.2021
156;30.03.2021
156;31.03.2021
157;11.03.2021
157;16.03.2021
157;21.03.2021
157;24.03.2021
157;29.03.2021
157;30.03.2021
157;02.04.2021
157;03.04.2021
157;06.04.2021
157;11.04.2021
157;13.04.2021
157;18.04.2021
157;20.04.2021
157;25.04.2021
158;23.03.2021
158;27.03.2021
158;31.03.2021
159;04.03.2021
160;06.03.2021
161;06.03.2021
161;09.03.2021
161;14.03.2021
162;03.03.2021
163;30.03.2021
163;01.04.2021
163;06.04.2021
163;11.04.2021
163;12.04.2021
163;15.04.2021
163;17.04.2021
163;21.04.2021
163;24.04.2021
164;20.03.2021
165;02.03.2021
165;07.03.2021
165;10.03.2021
165;14.03.2021
165;18.03.2021
166;24.03.2021
167;11.03.2021
168;18.03.2021
168;20.03.2021
168;21.03.2021
169;01.03.2021
170;14.03.2021
170;15.03.2021
170;17.03.2021
170;21.03.2021
171;07.03.2021
171;11.03.2021
172;11.03.2021
173;22.03.2021
174;09.03.2021
174;14.03.2021
174;19.03.2021
174;21.03.2021
174;24.03.2021
175;24.03.2021
175;28.03.2021
175;29.03.2021
175;30.03.2021
175;02.04.2021
175;06.04.2021
175;10.04.2021
175;15.04.2021
176;16.03.2021
177;30.03.2021
177;02.04.2021
178;24.03.2021
178;29.03.2021
179;12.03.2021
180;14.03.2021
180;18.03.2021
180;20.03.2021
180;24.03.2021
181;27.03.2021
181;31.03.2021
182;24.03.2021
182;26.03.2021
182;28.03.2021
183;27.03.2021
183;30.03.2021
184;26.03.2021
184;31.03.2021
184;01.04.2021
185;02.03.2021
185;07.03.2021
186;27.03.2021
187;26.03.2021
187;29.03.2021
188;18.03.2021
189;22.03.2021
190;04.03.2021
190;05.03.2021
190;07.03.2021
190;10.03.2021
190;12.03.2021
191;28.03.2021
191;31.03.2021
191;04.04.2021
192;07.03.2021
192;08.03.2021
192;09.03.2021
193;10.03.2021
193;11.03.2021
193;14.03.2021
193;17.03.2021
194;31.03.2021
194;05.04.2021
195;26.03.2021
195;27.03.2021
195;28.03.2021
196;25.03.2021
196;27.03.2021
196;29.03.2021
197;06.03.2021
197;10.03.2021
197;12.03.2021
197;15.03.2021
197;16.03.2021
198;21.03.2021
198;23.03.2021
198;28.03.2021
198;01.04.2021
199;19.03.2021
199;23.03.2021
199;26.03.2021
199;29.03.2021
199;31.03.2021
200;03.03.2021
200;07.03.2021
200;09.03.2021
200;10.03.2021
200;13.03.2021
201;20.03.2021
201;23.03.2021
201;26.03.2021
201;29.03.2021
201;31.03.2021
201;02.04.2021
202;02.03.2021
202;04.03.2021
202;05.03.2021
202;06.03.2021
202;07.03.2021
202;08.03.2021
203;23.03.2021
203;25.03.2021
203;27.03.2021
203;01.04.2021
203;04.04.2021
204;02.03.2021
205;19.03.2021
205;22.03.2021
205;26.03.2021
205;29.03.2021
206;31.03.2021
206;01.04.2021
206;04.04.2021
206;06.04.2021
206;11.04.2021
206;13.04.2021
206;16.04.2021
206;19.04.2021
207;07.03.2021
207;12.03.2021
207;15.03.2021
207;18.03.2021
207;20.03.2021
207;24.03.2021
208;11.03.2021
209;06.03.2021
209;11.03.2021
210;02.03.2021
210;07.03.2021
210;11.03.2021
210;12.03.2021
210;15.03.2021
210;18.03.2021
211;28.03.2021
211;02.04.2021
211;03.04.2021
211;05.04.2021
211;08.04.2021
211;13.04.2021
211;15.04.2021
211;16.04.2021
211;21.04.2021
212;07.03.2021
213;03.03.2021
214;19.03.2021
214;21.03.2021
215;14.03.2021
216;06.03.2021
217;24.03.2021
217;27.03.2021
218;02.03.2021
219;25.03.2021
219;26.03.2021
219;28.03.2021
220;24.03.2021
220;27.03.2021
221;28.03.2021
221;01.04.2021
222;04.03.2021
223;18.03.2021
223;22.03.2021
223;26.03.2021
224;17.03.2021
224;22.03.2021
224;26.03.2021
224;30.03.2021
225;11.03.2021
225;13.03.2021
225;18.03.2021
226;27.03.2021
226;29.03.2021
226;01.04.2021
226;04.04.2021
226;08.04.2021
227;01.03.2021
228;26.03.2021
229;05.03.2021
229;06.03.2021
229;07.03.2021
230;06.03.2021
230;10.03.2021
230;13.03.2021
230;18.03.2021
230;23.03.2021
230;28.03.2021
230;02.04.2021
231;21.03.2021
231;24.03.2021
231;25.03.2021
231;27.03.2021
232;25.03.2021
233;19.03.2021
233;22.03.2021
233;23.03.2021
233;24.03.2021
233;29.03.2021
234;15.03.2021
234;17.03.2021
234;19.03.2021
235;02.03.2021
235;03.03.2021
235;05.03.2021
236;14.03.2021
236;19.03.2021
236;23.03.2021
237;12.03.2021
237;14.03.2021
237;19.03.2021
238;29.03.2021
238;31.03.2021
238;02.04.2021
238;04.04.2021
239;30.03.2021
239;01.04.2021
239;03.04.2021
239;05.04.2021
239;10.04.2021
239;13.04.2021
239;17.04.2021
239;20.04.2021
239;21.04.2021
239;25.04.2021
239;26.04.2021
239;29.04.2021
239;01.05.2021
239;05.05.2021
239;10.05.2021
239;15.05.2021
239;19.05.2021
239;24.05.2021
240;09.03.2021
240;10.03.2021
240;13.03.2021
241;02.03.2021
241;03.03.2021
242;29.03.2021
242;02.04.2021
242;06.04.2021
242;08.04.2021
242;13.04.2021
242;14.04.2021
242;16.04.2021
242;17.04.2021
243;05.03.2021
243;07.03.2021
243;12.03.2021
243;15.03.2021
243;18.03.2021
243;20.03.2021
243;22.03.2021
243;23.03.2021
243;24.03.2021
243;25.03.2021
243;26.03.2021
243;31.03.2021
243;02.04.2021
244;19.03.2021
244;22.03.2021
244;25.03.2021
244;26.03.2021
245;26.03.2021
245;30.03.2021
246;13.03.2021
246;14.03.2021
246;15.03.2021
247;13.03.2021
247;15.03.2021
248;15.03.2021
248;19.03.2021
248;22.03.2021
248;26.03.2021
248;29.03.2021
248;30.03.2021
249;31.03.2021
249;05.04.2021
249;09.04.2021
250;12.03.2021
250;13.03.2021
250;14.03.2021
251;19.03.2021
251;22.03.2021
252;11.03.2021
252;13.03.2021
252;14.03.2021
253;06.03.2021
253;11.03.2021
254;29.03.2021
254;02.04.2021
254;04.04.2021
255;25.03.2021
256;08.03.2021
256;10.03.2021
256;14.03.2021
256;17.03.2021
256;18.03.2021
257;16.03.2021
258;07.03.2021
259;28.03.2021
260;31.03.2021
260;03.04.2021
261;14.03.2021
262;09.03.2021
262;13.03.2021
263;17.03.2021
264;10.03.2021
264;11.03.2021
264;15.03.2021
264;20.03.2021
265;16.03.2021
265;18.03.2021
265;21.03.2021
265;25.03.2021
265;28.03.2021
265;02.04.2021
266;28.03.2021
266;31.03.2021
266;05.04.2021
266;08.04.2021
266;11.04.2021
266;12.04.2021
267;31.03.2021
267;03.04.2021
267;06.04.2021
267;11.04.2021
267;15.04.2021
267;16.04.2021
268;12.03.2021
268;14.03.2021
268;16.03.2021
269;15.03.2021
270;13.03.2021
271;01.03.2021
271;06.03.2021
271;07.03.2021
272;25.03.2021
272;26.03.2021
272;28.03.2021
272;30.03.2021
273;04.03.2021
273;09.03.2021
273;11.03.2021
274;16.03.2021
274;17.03.2021
274;19.03.2021
275;01.03.2021
275;02.03.2021
276;20.03.2021
276;24.03.2021
276;27.03.2021
276;30.03.2021
276;31.03.2021
276;05.04.2021
276;06.04.2021
276;08.04.2021
276;11.04.2021
276;16.04.2021
276;18.04.2021
276;21.04.2021
276;23.04.2021
276;27.04.2021
276;28.04.2021
277;25.03.2021
277;30.03.2021
277;01.04.2021
277;04.04.2021
277;05.04.2021
277;06.04.2021
277;08.04.2021
277;12.04.2021
278;15.03.2021
279;29.03.2021
279;02.04.2021
279;05.04.2021
279;10.04.2021
279;11.04.2021
279;13.04.2021
280;27.03.2021
280;30.03.2021
281;14.03.2021
281;19.03.2021
281;20.03.2021
281;25.03.2021
282;21.03.2021
282;25.03.2021
282;28.03.2021
282;30.03.2021
283;15.03.2021
283;20.03.2021
284;31.03.2021
285;27.03.2021
285;31.03.2021
285;02.04.2021
286;27.03.2021
287;31.03.2021
288;14.03.2021
288;15.03.2021
289;29.03.2021
289;02.04.2021
289;03.04.2021
289;05.04.2021
289;08.04.2021
289;09.04.2021
289;13.04.2021
290;31.03.2021
291;24.03.2021
292;13.03.2021
293;01.03.2021
293;02.03.2021
294;01.03.2021
295;25.03.2021
295;28.03.2021
296;15.03.2021
296;16.03.2021
296;20.03.2021
296;22.03.2021
296;27.03.2021
296;28.03.2021
297;08.03.2021
297;10.03.2021
297;14.03.2021
297;15.03.2021
298;22.03.2021
298;27.03.2021
298;01.04.2021
298;02.04.2021
298;05.04.2021
298;06.04.2021
298;07.04.2021
299;29.03.2021
299;31.03.2021
299;02.04.2021
299;03.04.2021
300;01.03.2021
300;04.03.2021
300;09.03.2021
300;14.03.2021
300;16.03.2021
301;19.03.2021
301;24.03.2021
301;25.03.2021
301;28.03.2021
301;01.04.2021
301;04.04.2021
302;19.03.2021
303;28.03.2021
303;30.03.2021
304;20.03.2021
305;08.03.2021
305;11.03.2021
305;14.03.2021
305;18.03.2021
305;23.03.2021
306;08.03.2021
306;12.03.2021
306;14.03.2021
306;19.03.2021
306;21.03.2021
307;04.03.2021
307;08.03.2021
307;10.03.2021
307;12.03.2021
307;16.03.2021
307;17.03.2021
308;20.03.2021
308;23.03.2021
309;04.03.2021
309;08.03.2021
309;12.03.2021
309;15.03.2021
309;19.03.2021
310;27.03.2021
310;29.03.2021
310;30.03.2021
310;02.04.2021
310;04.04.2021
310;05.04.2021
311;10.03.2021
312;16.03.2021
312;17.03.2021
313;24.03.2021
313;25.03.2021
313;27.03.2021
313;29.03.2021
313;30.03.2021
313;03.04.2021
313;06.04.2021
313;09.04.2021
313;10.04.2021
314;14.03.2021
314;18.03.2021
314;22.03.2021
314;25.03.2021
314;29.03.2021
314;02.04.2021
315;18.03.2021
315;21.03.2021
316;14.03.2021
316;17.03.2021
316;22.03.2021
316;26.03.2021
316;31.03.2021
317;05.03.2021
317;06.03.2021
317;11.03.2021
317;12.03.2021
317;15.03.2021
317;19.03.2021
317;23.03.2021
318;11.03.2021
318;16.03.2021
318;17.03.2021
318;22.03.2021
318;23.03.2021
318;24.03.2021
319;24.03.2021
319;25.03.2021
320;29.03.2021
321;31.03.2021
321;02.04.2021
321;06.04.2021
321;08.04.2021
322;13.03.2021
322;15.03.2021
322;16.03.2021
322;18.03.2021
322;19.03.2021
322;20.03.2021
322;22.03.2021
322;27.03.2021
322;31.03.2021
322;03.04.2021
322;08.04.2021
322;13.04.2021
322;18.04.2021
323;05.03.2021
323;10.03.2021
323;11.03.2021
324;06.03.2021
324;08.03.2021
324;11.03.2021
324;16.03.2021
324;21.03.2021
324;23.03.2021
324;26.03.2021
324;31.03.2021
324;03.04.2021
324;05.04.2021
324;08.04.2021
324;11.04.2021
324;14.04.2021
324;19.04.2021
324;23.04.2021
324;25.04.2021
324;26.04.2021
324;29.04.2021
324;30.04.2021
324;03.05.2021
324;08.05.2021
324;11.05.2021
324;12.05.2021
324;15.05.2021
324;17.05.2021
324;21.05.2021
324;25.05.2021
324;28.05.2021
324;02.06.2021
324;03.06.2021
325;20.03.2021
325;25.03.2021
326;30.03.2021
326;04.04.2021
327;26.03.2021
327;27.03.2021
327;28.03.2021
328;09.03.2021
328;14.03.2021
328;18.03.2021
328;20.03.2021
328;25.03.2021
328;27.03.2021
328;01.04.2021
329;28.03.2021
329;30.03.2021
329;04.04.2021
329;09.04.2021
329;10.04.2021
330;09.03.2021
330;10.03.2021
331;28.03.2021
331;02.04.2021
332;23.03.2021
333;16.03.2021
333;20.03.2021
333;22.03.2021
334;07.03.2021
334;11.03.2021
335;20.03.2021
335;21.03.2021
335;24.03.2021
335;28.03.2021
335;30.03.2021
335;31.03.2021
335;02.04.2021
336;30.03.2021
336;03.04.2021
336;04.04.2021
336;05.04.2021
337;12.03.2021
337;16.03.2021
338;21.03.2021
338;24.03.2021
338;27.03.2021
339;25.03.2021
340;28.03.2021
340;01.04.2021
340;05.04.2021
340;07.04.2021
340;10.04.2021
340;15.04.2021
340;16.04.2021
340;17.04.2021
340;21.04.2021
340;22.04.2021
340;24.04.2021
341;02.03.2021
341;07.03.2021
341;11.03.2021
341;12.03.2021
341;17.03.2021
342;13.03.2021
342;16.03.2021
342;20.03.2021
342;23.03.2021
343;28.03.2021
343;29.03.2021
343;03.04.2021
343;06.04.2021
343;07.04.2021
344;14.03.2021
345;31.03.2021
345;05.04.2021
345;06.04.2021
345;08.04.2021
346;08.03.2021
347;24.03.2021
348;22.03.2021
348;25.03.2021
348;30.03.2021
349;04.03.2021
349;07.03.2021
349;08.03.2021
349;13.03.2021
350;22.03.2021
350;25.03.2021
350;30.03.2021
350;04.04.2021
350;08.04.2021
350;12.04.2021
350;14.04.2021
350;19.04.2021
350;22.04.2021
350;26.04.2021
350;28.04.2021
350;02.05.2021
350;03.05.2021
351;13.03.2021
351;18.03.2021
352;08.03.2021
352;11.03.2021
352;13.03.2021
353;09.03.2021
353;12.03.2021
353;14.03.2021
354;17.03.2021
354;19.03.2021
354;21.03.2021
354;24.03.2021
354;25.03.2021
354;29.03.2021
354;01.04.2021
354;04.04.2021
354;06.04.2021
354;10.04.2021
354;15.04.2021
354;18.04.2021
354;19.04.2021
354;23.04.2021
355;15.03.2021
355;20.03.2021
355;22.03.2021
355;23.03.2021
355;24.03.2021
355;29.03.2021
355;03.04.2021
355;06.04.2021
356;09.03.2021
356;11.03.2021
356;14.03.2021
356;16.03.2021
356;21.03.2021
356;25.03.2021
357;25.03.2021
357;29.03.2021
357;01.04.2021
357;03.04.2021
357;08.04.2021
357;10.04.2021
357;12.04.2021
357;14.04.2021
357;17.04.2021
357;18.04.2021
358;21.03.2021
358;24.03.2021
358;26.03.2021
358;27.03.2021
359;20.03.2021
360;21.03.2021
360;26.03.2021
360;27.03.2021
360;31.03.2021
361;14.03.2021
361;15.03.2021
362;03.03.2021
362;04.03.2021
362;07.03.2021
362;10.03.2021
362;11.03.2021
362;14.03.2021
362;19.03.2021
362;22.03.2021
362;25.03.2021
362;30.03.2021
362;02.04.2021
362;06.04.2021
363;11.03.2021
363;15.03.2021
363;19.03.2021
363;21.03.2021
364;05.03.2021
364;09.03.2021
364;13.03.2021
365;14.03.2021
365;19.03.2021
365;21.03.2021
366;09.03.2021
366;13.03.2021
366;14.03.2021
366;15.03.2021
366;19.03.2021
366;20.03.2021
366;21.03.2021
366;26.03.2021
366;30.03.2021
366;01.04.2021
367;19.03.2021
368;11.03.2021
368;13.03.2021
368;18.03.2021
369;09.03.2021
369;13.03.2021
369;15.03.2021
369;17.03.2021
369;20.03.2021
370;21.03.2021
370;22.03.2021
370;24.03.2021
370;25.03.2021
371;21.03.2021
371;24.03.2021
371;25.03.2021
372;03.03.2021
373;16.03.2021
374;01.03.2021
374;02.03.2021
374;06.03.2021
374;07.03.2021
374;11.03.2021
374;14.03.2021
375;20.03.2021
375;22.03.2021
375;26.03.2021
375;28.03.2021
376;05.03.2021
376;06.03.2021
376;10.03.2021
376;11.03.2021
377;05.03.2021
377;10.03.2021
377;13.03.2021
377;16.03.2021
377;21.03.2021
377;23.03.2021
378;22.03.2021
378;26.03.2021
378;30.03.2021
378;03.04.2021
378;06.04.2021
378;08.04.2021
379;18.03.2021
379;19.03.2021
380;17.03.2021
380;18.03.2021
380;22.03.2021
380;24.03.2021
380;29.03.2021
381;14.03.2021
381;16.03.2021
381;21.03.2021
382;16.03.2021
382;19.03.2021
382;24.03.2021
382;27.03.2021
382;28.03.2021
382;30.03.2021
382;04.04.2021
382;05.04.2021
382;09.04.2021
383;20.03.2021
383;24.03.2021
383;26.03.2021
383;31.03.2021
383;05.04.2021
383;07.04.2021
383;08.04.2021
383;12.04.2021
383;14.04.2021
383;17.04.2021
384;07.03.2021
385;15.03.2021
385;20.03.2021
385;22.03.2021
385;26.03.2021
385;28.03.2021
385;01.04.2021
385;05.04.2021
385;10.04.2021
385;15.04.2021
385;16.04.2021
385;19.04.2021
385;22.04.2021
385;25.04.2021
385;27.04.2021
385;28.04.2021
385;02.05.2021
385;07.05.2021
385;08.05.2021
385;09.05.2021
385;14.05.2021
385;18.05.2021
386;03.03.2021
386;08.03.2021
386;12.03.2021
386;14.03.2021
387;26.03.2021
387;31.03.2021
387;01.04.2021
388;23.03.2021
389;02.03.2021
390;17.03.2021
390;21.03.2021
391;04.03.2021
391;05.03.2021
391;07.03.2021
392;22.03.2021
392;27.03.2021
392;30.03.2021
392;31.03.2021
392;01.04.2021
392;06.04.2021
392;10.04.2021
392;11.04.2021
392;15.04.2021
392;17.04.2021
392;19.04.2021
393;09.03.2021
394;12.03.2021
394;14.03.2021
395;04.03.2021
395;08.03.2021
396;27.03.2021
397;24.03.2021
397;28.03.2021
397;30.03.2021
397;01.04.2021
397;02.04.2021
397;06.04.2021
398;26.03.2021
399;09.03.2021
399;13.03.2021
399;18.03.2021
399;23.03.2021
400;04.03.2021
400;07.03.2021
400;10.03.2021
401;09.03.2021
401;12.03.2021
402;24.03.2021
403;07.03.2021
403;09.03.2021
403;13.03.2021
403;16.03.2021
403;19.03.2021
403;22.03.2021
403;27.03.2021
403;31.03.2021
403;02.04.2021
403;03.04.2021
404;19.03.2021
405;05.03.2021
406;11.03.2021
406;16.03.2021
406;20.03.2021
406;21.03.2021
406;26.03.2021
407;11.03.2021
407;15.03.2021
407;17.03.2021
407;22.03.2021
407;23.03.2021
407;28.03.2021
408;20.03.2021
408;21.03.2021
409;23.03.2021
410;06.03.2021
410;09.03.2021
410;11.03.2021
410;12.03.2021
411;16.03.2021
412;02.03.2021
412;06.03.2021
412;07.03.2021
412;10.03.2021
412;15.03.2021
413;29.03.2021
413;31.03.2021
413;05.04.2021
413;08.04.2021
413;11.04.2021
413;15.04.2021
414;13.03.2021
414;15.03.2021
414;18.03.2021
414;22.03.2021
414;26.03.2021
414;31.03.2021
414;01.04.2021
415;13.03.2021
415;14.03.2021
415;17.03.2021
415;18.03.2021
416;26.03.2021
416;31.03.2021
416;05.04.2021
416;07.04.2021
416;09.04.2021
416;14.04.2021
416;18.04.2021
417;18.03.2021
417;19.03.2021
418;14.03.2021
418;17.03.2021
418;19.03.2021
418;24.03.2021
418;27.03.2021
418;29.03.2021
419;08.03.2021
419;12.03.2021
419;15.03.2021
419;16.03.2021
420;14.03.2021
420;19.03.2021
420;23.03.2021
420;28.03.2021
421;27.03.2021
421;01.04.2021
421;02.04.2021
422;09.03.2021
423;13.03.2021
423;17.03.2021
423;21.03.2021
423;24.03.2021
424;28.03.2021
425;07.03.2021
425;11.03.2021
425;14.03.2021
425;16.03.2021
425;19.03.2021
425;23.03.2021
426;17.03.2021
427;09.03.2021
428;24.03.2021
428;25.03.2021
429;25.03.2021
429;29.03.2021
429;30.03.2021
429;31.03.2021
429;01.04.2021
429;05.04.2021
429;06.04.2021
430;31.03.2021
431;19.03.2021
431;22.03.2021
431;24.03.2021
431;29.03.2021
432;21.03.2021
432;24.03.2021
432;25.03.2021
433;13.03.2021
433;17.03.2021
433;19.03.2021
433;24.03.2021
434;01.03.2021
434;04.03.2021
434;08.03.2021
434;11.03.2021
435;01.03.2021
436;25.03.2021
437;09.03.2021
437;11.03.2021
438;22.03.2021
438;27.03.2021
438;29.03.2021
438;31.03.2021
438;03.04.2021
438;07.04.2021
438;08.04.2021
438;09.04.2021
439;23.03.2021
440;06.03.2021
441;02.03.2021
441;06.03.2021
441;11.03.2021
441;14.03.2021
442;16.03.2021
442;17.03.2021
442;22.03.2021
442;23.03.2021
442;25.03.2021
442;30.03.2021
442;01.04.2021
443;03.03.2021
443;07.03.2021
444;23.03.2021
444;28.03.2021
445;27.03.2021
446;29.03.2021
446;30.03.2021
446;31.03.2021
447;17.03.2021
447;19.03.2021
447;20.03.2021
447;22.03.2021
448;15.03.2021
448;18.03.2021
449;17.03.2021
449;18.03.2021
449;20.03.2021
449;22.03.2021
450;18.03.2021
450;20.03.2021
451;15.03.2021
451;16.03.2021
451;21.03.2021
452;05.03.2021
453;01.03.2021
453;05.03.2021
453;09.03.2021
453;14.03.2021
453;15.03.2021
454;23.03.2021
455;21.03.2021
455;22.03.2021
455;23.03.2021
455;27.03.2021
456;03.03.2021
456;07.03.2021
456;08.03.2021
456;09.03.2021
456;14.03.2021
456;16.03.2021
456;18.03.2021
456;19.03.2021
456;20.03.2021
456;21.03.2021
456;23.03.2021
457;07.03.2021
457;08.03.2021
457;13.03.2021
458;08.03.2021
459;07.03.2021
459;12.03.2021
460;22.03.2021
460;24.03.2021
460;26.03.2021
460;31.03.2021
460;01.04.2021
460;05.04.2021
460;09.04.2021
460;11.04.2021
460;12.04.2021
460;17.04.2021
461;27.03.2021
462;14.03.2021
462;18.03.2021
463;24.03.2021
464;06.03.2021
464;08.03.2021
465;27.03.2021
466;26.03.2021
466;31.03.2021
466;05.04.2021
467;16.03.2021
467;19.03.2021
467;24.03.2021
467;29.03.2021
467;31.03.2021
467;04.04.2021
467;08.04.2021
467;10.04.2021
467;14.04.2021
467;15.04.2021
467;18.04.2021
467;22.04.2021
467;26.04.2021
467;30.04.2021
467;05.05.2021
468;02.03.2021
468;05.03.2021
468;07.03.2021
468;10.03.2021
468;13.03.2021
468;18.03.2021
468;23.03.2021
469;30.03.2021
470;29.03.2021
471;10.03.2021
471;15.03.2021
471;20.03.2021
472;08.03.2021
473;12.03.2021
473;16.03.2021
473;19.03.2021
473;22.03.2021
474;26.03.2021
475;11.03.2021
475;13.03.2021
475;15.03.2021
476;01.03.2021
477;23.03.2021
477;24.03.2021
477;26.03.2021
477;28.03.2021
477;29.03.2021
477;03.04.2021
477;08.04.2021
477;12.04.2021
478;17.03.2021
478;21.03.2021
479;16.03.2021
479;20.03.2021
480;18.03.2021
480;20.03.2021
480;24.03.2021
480;26.03.2021
480;30.03.2021
480;03.04.2021
480;06.04.2021
480;08.04.2021
481;10.03.2021
482;03.03.2021
482;07.03.2021
483;04.03.2021
484;12.03.2021
484;13.03.2021
484;14.03.2021
485;06.03.2021
486;10.03.2021
486;11.03.2021
486;13.03.2021
486;15.03.2021
486;18.03.2021
486;21.03.2021
486;22.03.2021
486;24.03.2021
487;04.03.2021
487;05.03.2021
488;11.03.2021
489;23.03.2021
490;04.03.2021
490;07.03.2021
490;10.03.2021
490;13.03.2021
490;15.03.2021
490;19.03.2021
490;20.03.2021
491;28.03.2021
491;29.03.2021
492;28.03.2021
492;30.03.2021
492;01.04.2021
492;02.04.2021
492;04.04.2021
492;07.04.2021
493;06.03.2021
494;22.03.2021
495;21.03.2021
495;25.03.2021
496;27.03.2021
497;10.03.2021
497;14.03.2021
497;18.03.2021
497;19.03.2021
497;21.03.2021
497;22.03.2021
497;25.03.2021
497;29.03.2021
497;01.04.2021
498;24.03.2021
498;27.03.2021
499;31.03.2021
500;04.03.2021
500;07.03.2021
500;11.03.2021
500;12.03.2021
500;16.03.2021
500;18.03.2021
500;22.03.2021
501;14.03.2021
501;18.03.2021
501;22.03.2021
501;24.03.2021
502;18.03.2021
503;10.03.2021
504;17.03.2021
505;01.03.2021
